Graph Name,Num of Nodes,Num of Edges,Num of Critical Nodes,Num of Critical Edges
pair_1000_fast.js,11,20,5,5
pair_1000_slow.js,11,20,5,5
pair_10052_fast.js,14,26,7,7
pair_10052_slow.js,17,32,8,8
pair_10055_fast.js,12,22,6,8
pair_10055_slow.js,13,24,5,4
pair_10166_fast.js,9,16,4,3
pair_10166_slow.js,14,26,7,6
pair_10197_fast.js,25,48,12,15
pair_10197_slow.js,25,48,12,15
pair_1026_fast.js,11,20,5,4
pair_1026_slow.js,15,28,7,7
pair_1032_fast.js,7,12,3,2
pair_1032_slow.js,15,28,7,9
pair_1034_fast.js,17,32,8,7
pair_1034_slow.js,17,32,8,7
pair_10419_fast.js,16,30,8,7
pair_10419_slow.js,16,30,8,10
pair_10464_fast.js,12,22,6,7
pair_10464_slow.js,10,18,5,6
pair_10469_fast.js,17,32,8,8
pair_10469_slow.js,18,34,5,4
pair_10500_fast.js,13,24,6,6
pair_10500_slow.js,21,40,9,12
pair_10589_fast.js,13,24,6,5
pair_10589_slow.js,13,24,6,5
pair_10620_fast.js,19,36,7,6
pair_10620_slow.js,21,40,8,9
pair_10664_fast.js,11,20,5,5
pair_10664_slow.js,17,32,8,7
pair_10677_fast.js,20,38,10,15
pair_10677_slow.js,17,32,8,11
pair_1067_fast.js,15,28,7,7
pair_1067_slow.js,11,20,5,4
pair_10809_fast.js,15,28,7,8
pair_10809_slow.js,19,36,9,11
pair_10836_fast.js,13,24,6,8
pair_10836_slow.js,11,20,5,4
pair_10872_fast.js,24,46,12,16
pair_10872_slow.js,24,46,12,16
pair_10880_fast.js,5,8,5,6
pair_10880_slow.js,5,8,5,6
pair_10883_fast.js,14,26,7,7
pair_10883_slow.js,14,26,7,9
pair_10915_fast.js,10,18,5,4
pair_10915_slow.js,18,34,8,8
pair_10969_fast.js,7,12,3,2
pair_10969_slow.js,7,12,3,2
pair_11000_fast.js,16,30,8,8
pair_11000_slow.js,16,30,8,8
pair_11064_fast.js,13,24,6,7
pair_11064_slow.js,13,24,6,5
pair_11067_fast.js,21,40,9,8
pair_11067_slow.js,21,40,9,8
pair_11073_fast.js,16,30,8,9
pair_11073_slow.js,15,28,7,7
pair_11103_fast.js,8,14,4,3
pair_11103_slow.js,7,12,3,2
pair_11143_fast.js,8,14,4,3
pair_11143_slow.js,8,14,4,3
pair_1114_fast.js,22,42,11,12
pair_1114_slow.js,22,42,11,12
pair_11233_fast.js,15,28,7,7
pair_11233_slow.js,13,24,6,6
pair_11279_fast.js,12,22,6,6
pair_11279_slow.js,25,48,12,17
pair_11296_fast.js,10,18,5,4
pair_11296_slow.js,10,18,5,5
pair_11317_fast.js,21,40,10,12
pair_11317_slow.js,18,34,3,2
pair_11351_fast.js,21,40,5,4
pair_11351_slow.js,19,36,9,13
pair_11412_fast.js,31,60,15,20
pair_11412_slow.js,32,62,16,22
pair_11506_fast.js,20,38,10,11
pair_11506_slow.js,17,32,8,9
pair_11508_fast.js,21,40,9,8
pair_11508_slow.js,19,36,9,10
pair_11541_fast.js,9,16,4,3
pair_11541_slow.js,12,22,6,7
pair_11549_fast.js,14,26,7,8
pair_11549_slow.js,15,28,7,8
pair_11583_fast.js,5,8,5,6
pair_11583_slow.js,5,8,5,6
pair_11644_fast.js,4,6,4,4
pair_11644_slow.js,4,6,4,4
pair_11673_fast.js,5,8,5,6
pair_11673_slow.js,9,16,4,3
pair_11804_fast.js,17,32,8,8
pair_11804_slow.js,15,28,7,6
pair_11810_fast.js,13,24,6,7
pair_11810_slow.js,13,24,6,8
pair_11813_fast.js,13,24,6,6
pair_11813_slow.js,18,34,9,9
pair_11928_fast.js,19,36,9,8
pair_11928_slow.js,19,36,9,8
pair_1193_fast.js,18,34,9,10
pair_1193_slow.js,15,28,7,8
pair_12184_fast.js,14,26,6,5
pair_12184_slow.js,18,34,6,5
pair_12251_fast.js,17,32,8,7
pair_12251_slow.js,5,8,5,6
pair_12328_fast.js,15,28,7,6
pair_12328_slow.js,15,28,7,6
pair_12400_fast.js,12,22,6,5
pair_12400_slow.js,13,24,6,5
pair_12517_fast.js,21,40,10,11
pair_12517_slow.js,27,52,9,8
pair_12546_fast.js,20,38,10,11
pair_12546_slow.js,17,32,8,9
pair_12602_fast.js,7,12,3,2
pair_12602_slow.js,9,16,4,3
pair_12615_fast.js,13,24,6,5
pair_12615_slow.js,13,24,6,8
pair_12759_fast.js,24,46,12,14
pair_12759_slow.js,23,44,9,9
pair_12796_fast.js,18,34,9,9
pair_12796_slow.js,18,34,8,7
pair_12839_fast.js,12,22,6,6
pair_12839_slow.js,13,24,6,5
pair_12892_fast.js,22,42,11,13
pair_12892_slow.js,16,30,8,8
pair_12944_fast.js,9,16,4,3
pair_12944_slow.js,9,16,4,3
pair_13087_fast.js,7,12,3,2
pair_13087_slow.js,6,10,4,4
pair_13158_fast.js,8,14,4,3
pair_13158_slow.js,8,14,4,3
pair_13180_fast.js,13,24,6,5
pair_13180_slow.js,13,24,6,5
pair_13231_fast.js,15,28,7,8
pair_13231_slow.js,15,28,7,8
pair_13253_fast.js,10,18,5,4
pair_13253_slow.js,15,28,7,9
pair_13262_fast.js,17,32,8,8
pair_13262_slow.js,17,32,8,8
pair_13316_fast.js,19,36,6,5
pair_13316_slow.js,16,30,8,8
pair_13502_fast.js,13,24,6,5
pair_13502_slow.js,15,28,7,6
pair_13535_fast.js,22,42,9,8
pair_13535_slow.js,16,30,8,8
pair_13562_fast.js,16,30,8,9
pair_13562_slow.js,16,30,8,7
pair_13580_fast.js,24,46,12,14
pair_13580_slow.js,23,44,9,9
pair_13698_fast.js,10,18,5,4
pair_13698_slow.js,13,24,6,5
pair_13725_fast.js,9,16,4,3
pair_13725_slow.js,9,16,4,3
pair_13747_fast.js,11,20,5,4
pair_13747_slow.js,11,20,5,4
pair_13867_fast.js,8,14,4,3
pair_13867_slow.js,8,14,4,3
pair_13922_fast.js,5,8,5,6
pair_13922_slow.js,5,8,5,6
pair_13953_fast.js,11,20,5,4
pair_13953_slow.js,11,20,5,4
pair_14112_fast.js,11,20,4,3
pair_14112_slow.js,8,14,4,3
pair_14183_fast.js,22,42,11,14
pair_14183_slow.js,17,32,8,9
pair_14203_fast.js,14,26,7,8
pair_14203_slow.js,24,46,12,14
pair_14213_fast.js,12,22,6,7
pair_14213_slow.js,14,26,7,8
pair_14435_fast.js,14,26,7,6
pair_14435_slow.js,14,26,7,6
pair_14536_fast.js,10,18,5,4
pair_14536_slow.js,17,32,8,11
pair_14544_fast.js,4,6,4,4
pair_14544_slow.js,4,6,4,4
pair_14545_fast.js,13,24,6,5
pair_14545_slow.js,15,28,7,6
pair_14618_fast.js,28,54,9,8
pair_14618_slow.js,26,50,9,8
pair_14624_fast.js,14,26,7,7
pair_14624_slow.js,10,18,5,4
pair_14699_fast.js,16,30,8,7
pair_14699_slow.js,20,38,10,14
pair_14759_fast.js,15,28,7,6
pair_14759_slow.js,11,20,5,4
pair_14771_fast.js,19,36,9,9
pair_14771_slow.js,22,42,10,11
pair_14911_fast.js,13,24,6,5
pair_14911_slow.js,13,24,6,6
pair_14957_fast.js,17,32,8,10
pair_14957_slow.js,17,32,8,10
pair_14980_fast.js,23,44,9,8
pair_14980_slow.js,23,44,9,8
pair_15160_fast.js,24,46,12,14
pair_15160_slow.js,27,52,13,18
pair_15366_fast.js,18,34,9,12
pair_15366_slow.js,17,32,8,9
pair_15572_fast.js,17,32,8,7
pair_15572_slow.js,19,36,9,11
pair_15579_fast.js,5,8,5,6
pair_15579_slow.js,4,6,4,4
pair_1561_fast.js,14,26,7,7
pair_1561_slow.js,12,22,3,2
pair_15651_fast.js,5,8,5,6
pair_15651_slow.js,5,8,5,6
pair_15696_fast.js,19,36,9,10
pair_15696_slow.js,19,36,8,8
pair_15786_fast.js,13,24,6,5
pair_15786_slow.js,13,24,6,5
pair_1579_fast.js,18,34,9,8
pair_1579_slow.js,23,44,11,15
pair_1591_fast.js,15,28,7,8
pair_1591_slow.js,16,30,8,12
pair_15990_fast.js,23,44,7,6
pair_15990_slow.js,20,38,10,11
pair_15994_fast.js,16,30,5,4
pair_15994_slow.js,23,44,9,8
pair_16063_fast.js,13,24,6,5
pair_16063_slow.js,15,28,7,6
pair_16112_fast.js,10,18,5,5
pair_16112_slow.js,7,12,3,2
pair_16162_fast.js,8,14,4,3
pair_16162_slow.js,9,16,4,3
pair_16200_fast.js,19,36,9,11
pair_16200_slow.js,19,36,9,8
pair_16239_fast.js,20,38,9,9
pair_16239_slow.js,19,36,9,9
pair_16319_fast.js,9,16,4,3
pair_16319_slow.js,10,18,5,4
pair_16429_fast.js,8,14,4,3
pair_16429_slow.js,8,14,4,3
pair_16460_fast.js,18,34,9,8
pair_16460_slow.js,18,34,9,8
pair_16477_fast.js,14,26,7,8
pair_16477_slow.js,14,26,7,6
pair_16502_fast.js,15,28,7,7
pair_16502_slow.js,15,28,7,9
pair_16547_fast.js,13,24,6,5
pair_16547_slow.js,13,24,6,5
pair_16636_fast.js,14,26,7,7
pair_16636_slow.js,15,28,7,6
pair_16759_fast.js,13,24,6,6
pair_16759_slow.js,13,24,6,7
pair_16876_fast.js,12,22,6,6
pair_16876_slow.js,16,30,8,9
pair_16906_fast.js,11,20,5,4
pair_16906_slow.js,12,22,6,7
pair_16910_fast.js,24,46,12,16
pair_16910_slow.js,21,40,6,5
pair_16984_fast.js,20,38,10,12
pair_16984_slow.js,20,38,6,6
pair_17060_fast.js,19,36,4,4
pair_17060_slow.js,19,36,4,4
pair_1707_fast.js,20,38,10,12
pair_1707_slow.js,18,34,9,11
pair_17083_fast.js,14,26,7,6
pair_17083_slow.js,15,28,7,6
pair_17118_fast.js,19,36,9,12
pair_17118_slow.js,19,36,9,12
pair_17188_fast.js,12,22,6,5
pair_17188_slow.js,12,22,6,7
pair_17237_fast.js,6,10,5,6
pair_17237_slow.js,9,16,4,3
pair_17250_fast.js,23,44,9,8
pair_17250_slow.js,23,44,11,15
pair_17395_fast.js,13,24,6,5
pair_17395_slow.js,20,38,9,8
pair_17421_fast.js,15,28,7,7
pair_17421_slow.js,18,34,9,9
pair_17425_fast.js,14,26,7,6
pair_17425_slow.js,15,28,7,6
pair_17551_fast.js,11,20,5,5
pair_17551_slow.js,11,20,5,4
pair_17682_fast.js,13,24,6,5
pair_17682_slow.js,19,36,9,10
pair_17711_fast.js,26,50,13,17
pair_17711_slow.js,24,46,12,17
pair_17748_fast.js,15,28,7,6
pair_17748_slow.js,15,28,7,6
pair_17769_fast.js,17,32,8,8
pair_17769_slow.js,17,32,7,7
pair_17899_fast.js,17,32,8,9
pair_17899_slow.js,25,48,9,10
pair_18007_fast.js,5,8,5,6
pair_18007_slow.js,5,8,5,6
pair_18022_fast.js,13,24,6,5
pair_18022_slow.js,16,30,8,9
pair_18085_fast.js,5,8,5,6
pair_18085_slow.js,5,8,5,6
pair_18090_fast.js,17,32,8,10
pair_18090_slow.js,18,34,9,10
pair_18150_fast.js,13,24,6,5
pair_18150_slow.js,13,24,6,5
pair_18247_fast.js,16,30,8,9
pair_18247_slow.js,31,60,3,2
pair_18330_fast.js,14,26,7,8
pair_18330_slow.js,14,26,7,8
pair_18465_fast.js,13,24,6,5
pair_18465_slow.js,13,24,6,7
pair_18476_fast.js,14,26,7,6
pair_18476_slow.js,13,24,6,5
pair_18496_fast.js,15,28,7,8
pair_18496_slow.js,15,28,7,6
pair_18504_fast.js,33,64,16,22
pair_18504_slow.js,27,52,13,16
pair_1860_fast.js,15,28,7,8
pair_1860_slow.js,15,28,7,10
pair_18639_fast.js,19,36,9,12
pair_18639_slow.js,34,66,17,26
pair_18803_fast.js,26,50,6,5
pair_18803_slow.js,29,56,5,4
pair_18831_fast.js,16,30,8,8
pair_18831_slow.js,19,36,9,9
pair_18839_fast.js,22,42,11,12
pair_18839_slow.js,28,54,14,17
pair_18916_fast.js,14,26,7,7
pair_18916_slow.js,14,26,7,7
pair_1897_fast.js,19,36,9,11
pair_1897_slow.js,13,24,6,8
pair_19005_fast.js,11,20,5,4
pair_19005_slow.js,10,18,5,4
pair_19017_fast.js,5,8,5,6
pair_19017_slow.js,5,8,5,6
pair_19087_fast.js,12,22,6,6
pair_19087_slow.js,14,26,7,7
pair_191_fast.js,13,24,6,6
pair_191_slow.js,12,22,6,6
pair_19202_fast.js,9,16,4,3
pair_19202_slow.js,9,16,4,3
pair_19217_fast.js,15,28,7,6
pair_19217_slow.js,15,28,7,6
pair_19259_fast.js,22,42,9,8
pair_19259_slow.js,26,50,9,8
pair_19260_fast.js,12,22,6,5
pair_19260_slow.js,12,22,6,5
pair_19287_fast.js,17,32,8,10
pair_19287_slow.js,17,32,7,7
pair_19328_fast.js,13,24,6,5
pair_19328_slow.js,15,28,7,6
pair_19340_fast.js,5,8,5,6
pair_19340_slow.js,5,8,5,6
pair_19397_fast.js,17,32,8,8
pair_19397_slow.js,22,42,11,14
pair_19449_fast.js,21,40,10,13
pair_19449_slow.js,21,40,10,13
pair_1950_fast.js,22,42,11,14
pair_1950_slow.js,22,42,7,7
pair_19586_fast.js,27,52,10,11
pair_19586_slow.js,26,50,10,11
pair_19668_fast.js,19,36,9,9
pair_19668_slow.js,18,34,9,10
pair_1969_fast.js,22,42,11,16
pair_1969_slow.js,18,34,9,13
pair_19830_fast.js,21,40,9,10
pair_19830_slow.js,24,46,11,14
pair_19897_fast.js,14,26,7,8
pair_19897_slow.js,14,26,7,9
pair_19943_fast.js,17,32,8,9
pair_19943_slow.js,17,32,8,8
pair_19976_fast.js,12,22,6,7
pair_19976_slow.js,13,24,5,4
pair_20007_fast.js,15,28,7,8
pair_20007_slow.js,13,24,6,7
pair_20034_fast.js,5,8,5,6
pair_20034_slow.js,5,8,5,6
pair_20108_fast.js,13,24,6,6
pair_20108_slow.js,12,22,6,6
pair_20177_fast.js,17,32,8,8
pair_20177_slow.js,14,26,7,6
pair_20277_fast.js,20,38,10,10
pair_20277_slow.js,24,46,12,13
pair_20310_fast.js,28,54,9,8
pair_20310_slow.js,30,58,4,3
pair_20359_fast.js,18,34,9,9
pair_20359_slow.js,19,36,7,6
pair_20587_fast.js,12,22,6,6
pair_20587_slow.js,13,24,6,5
pair_20757_fast.js,18,34,9,8
pair_20757_slow.js,18,34,9,8
pair_20942_fast.js,10,18,5,4
pair_20942_slow.js,11,20,5,5
pair_20959_fast.js,22,42,11,14
pair_20959_slow.js,22,42,11,14
pair_21048_fast.js,17,32,8,11
pair_21048_slow.js,19,36,9,12
pair_21097_fast.js,5,8,5,6
pair_21097_slow.js,10,18,5,4
pair_21167_fast.js,23,44,11,14
pair_21167_slow.js,23,44,11,14
pair_21262_fast.js,9,16,4,3
pair_21262_slow.js,8,14,4,3
pair_2131_fast.js,15,28,7,7
pair_2131_slow.js,14,26,7,7
pair_21504_fast.js,12,22,6,5
pair_21504_slow.js,14,26,7,6
pair_21568_fast.js,26,50,13,17
pair_21568_slow.js,26,50,13,17
pair_21726_fast.js,10,18,5,6
pair_21726_slow.js,10,18,5,6
pair_21780_fast.js,13,24,6,7
pair_21780_slow.js,13,24,6,5
pair_2179_fast.js,11,20,5,5
pair_2179_slow.js,11,20,5,6
pair_21948_fast.js,14,26,7,7
pair_21948_slow.js,19,36,9,11
pair_21985_fast.js,13,24,6,5
pair_21985_slow.js,18,34,9,9
pair_22011_fast.js,13,24,6,7
pair_22011_slow.js,14,26,7,8
pair_22101_fast.js,12,22,6,5
pair_22101_slow.js,17,32,8,8
pair_2211_fast.js,22,42,11,12
pair_2211_slow.js,22,42,9,9
pair_22160_fast.js,13,24,6,5
pair_22160_slow.js,18,34,9,12
pair_22201_fast.js,9,16,4,3
pair_22201_slow.js,10,18,5,5
pair_22237_fast.js,17,32,8,9
pair_22237_slow.js,18,34,9,11
pair_22437_fast.js,18,34,9,12
pair_22437_slow.js,18,34,9,14
pair_2246_fast.js,31,60,12,13
pair_2246_slow.js,35,68,12,14
pair_22514_fast.js,14,26,7,6
pair_22514_slow.js,26,50,13,16
pair_22517_fast.js,13,24,6,6
pair_22517_slow.js,13,24,6,6
pair_22689_fast.js,20,38,10,11
pair_22689_slow.js,20,38,10,11
pair_22752_fast.js,8,14,4,4
pair_22752_slow.js,7,12,3,2
pair_2285_fast.js,25,48,5,4
pair_2285_slow.js,25,48,6,7
pair_22988_fast.js,12,22,6,7
pair_22988_slow.js,14,26,7,9
pair_23186_fast.js,11,20,5,5
pair_23186_slow.js,11,20,5,4
pair_2321_fast.js,20,38,10,15
pair_2321_slow.js,18,34,9,14
pair_23221_fast.js,16,30,8,12
pair_23221_slow.js,16,30,8,12
pair_2323_fast.js,17,32,8,7
pair_2323_slow.js,15,28,7,7
pair_23362_fast.js,16,30,8,8
pair_23362_slow.js,16,30,8,8
pair_2341_fast.js,22,42,8,7
pair_2341_slow.js,21,40,10,11
pair_23441_fast.js,5,8,5,6
pair_23441_slow.js,5,8,5,6
pair_23446_fast.js,8,14,4,4
pair_23446_slow.js,10,18,5,4
pair_236_fast.js,20,38,10,13
pair_236_slow.js,17,32,8,9
pair_23720_fast.js,17,32,8,8
pair_23720_slow.js,17,32,8,8
pair_23726_fast.js,19,36,9,8
pair_23726_slow.js,19,36,9,8
pair_23742_fast.js,15,28,7,6
pair_23742_slow.js,15,28,7,9
pair_23801_fast.js,12,22,6,5
pair_23801_slow.js,12,22,6,6
pair_23808_fast.js,8,14,3,2
pair_23808_slow.js,8,14,4,4
pair_23855_fast.js,22,42,9,8
pair_23855_slow.js,16,30,7,6
pair_23938_fast.js,11,20,5,4
pair_23938_slow.js,11,20,5,4
pair_23996_fast.js,12,22,6,7
pair_23996_slow.js,12,22,6,7
pair_24131_fast.js,14,26,7,6
pair_24131_slow.js,26,50,13,15
pair_24201_fast.js,26,50,4,3
pair_24201_slow.js,26,50,6,5
pair_24211_fast.js,22,42,11,14
pair_24211_slow.js,22,42,11,16
pair_24253_fast.js,6,10,5,6
pair_24253_slow.js,15,28,7,8
pair_24334_fast.js,7,12,3,2
pair_24334_slow.js,7,12,3,2
pair_24399_fast.js,13,24,6,5
pair_24399_slow.js,15,28,7,7
pair_24459_fast.js,19,36,9,13
pair_24459_slow.js,16,30,8,10
pair_24460_fast.js,13,24,6,5
pair_24460_slow.js,13,24,6,5
pair_24473_fast.js,5,8,5,6
pair_24473_slow.js,9,16,4,3
pair_24489_fast.js,13,24,6,7
pair_24489_slow.js,13,24,6,8
pair_24523_fast.js,13,24,6,7
pair_24523_slow.js,12,22,6,7
pair_2458_fast.js,17,32,8,8
pair_2458_slow.js,16,30,8,10
pair_24612_fast.js,20,38,9,8
pair_24612_slow.js,20,38,10,13
pair_24816_fast.js,14,26,7,8
pair_24816_slow.js,16,30,8,7
pair_24828_fast.js,10,18,5,5
pair_24828_slow.js,10,18,5,6
pair_24952_fast.js,30,58,15,26
pair_24952_slow.js,24,46,12,17
pair_24956_fast.js,13,24,6,6
pair_24956_slow.js,16,30,8,7
pair_25175_fast.js,22,42,10,12
pair_25175_slow.js,22,42,9,11
pair_25192_fast.js,25,48,12,12
pair_25192_slow.js,25,48,12,13
pair_25206_fast.js,22,42,11,13
pair_25206_slow.js,24,46,12,16
pair_25426_fast.js,16,30,8,9
pair_25426_slow.js,12,22,6,6
pair_25471_fast.js,9,16,4,4
pair_25471_slow.js,9,16,4,3
pair_25603_fast.js,16,30,8,9
pair_25603_slow.js,19,36,9,10
pair_25630_fast.js,17,32,8,7
pair_25630_slow.js,16,30,8,8
pair_25675_fast.js,36,70,18,25
pair_25675_slow.js,36,70,18,25
pair_25683_fast.js,5,8,5,6
pair_25683_slow.js,10,18,5,4
pair_25714_fast.js,22,42,11,13
pair_25714_slow.js,24,46,12,15
pair_25720_fast.js,16,30,8,9
pair_25720_slow.js,14,26,7,6
pair_25732_fast.js,12,22,6,6
pair_25732_slow.js,11,20,5,5
pair_25743_fast.js,20,38,6,5
pair_25743_slow.js,16,30,8,8
pair_25767_fast.js,18,34,9,8
pair_25767_slow.js,22,42,9,9
pair_2594_fast.js,21,40,6,5
pair_2594_slow.js,18,34,8,7
pair_26034_fast.js,6,10,5,6
pair_26034_slow.js,6,10,5,6
pair_26120_fast.js,11,20,5,5
pair_26120_slow.js,9,16,4,3
pair_26219_fast.js,21,40,10,10
pair_26219_slow.js,23,44,11,11
pair_26399_fast.js,26,50,9,10
pair_26399_slow.js,25,48,9,10
pair_26429_fast.js,21,40,10,12
pair_26429_slow.js,20,38,10,13
pair_26456_fast.js,24,46,12,18
pair_26456_slow.js,24,46,12,15
pair_26575_fast.js,13,24,6,6
pair_26575_slow.js,15,28,7,6
pair_26634_fast.js,9,16,4,3
pair_26634_slow.js,9,16,4,3
pair_2672_fast.js,20,38,7,7
pair_2672_slow.js,20,38,7,6
pair_26758_fast.js,15,28,5,4
pair_26758_slow.js,11,20,5,6
pair_2678_fast.js,25,48,12,14
pair_2678_slow.js,25,48,12,15
pair_26816_fast.js,17,32,8,10
pair_26816_slow.js,16,30,8,10
pair_26870_fast.js,4,6,4,4
pair_26870_slow.js,4,6,4,4
pair_27059_fast.js,15,28,7,7
pair_27059_slow.js,14,26,7,7
pair_2711_fast.js,12,22,6,5
pair_2711_slow.js,13,24,6,5
pair_2712_fast.js,12,22,6,5
pair_2712_slow.js,13,24,6,5
pair_27187_fast.js,27,52,13,17
pair_27187_slow.js,26,50,13,18
pair_27276_fast.js,16,30,8,7
pair_27276_slow.js,13,24,6,5
pair_27299_fast.js,17,32,8,9
pair_27299_slow.js,17,32,8,7
pair_27386_fast.js,11,20,5,4
pair_27386_slow.js,11,20,5,4
pair_27484_fast.js,10,18,5,5
pair_27484_slow.js,10,18,5,5
pair_27549_fast.js,14,26,7,7
pair_27549_slow.js,14,26,7,7
pair_27614_fast.js,11,20,5,5
pair_27614_slow.js,12,22,6,6
pair_27640_fast.js,11,20,5,4
pair_27640_slow.js,11,20,5,5
pair_27788_fast.js,20,38,9,8
pair_27788_slow.js,20,38,9,8
pair_27821_fast.js,15,28,7,8
pair_27821_slow.js,16,30,8,7
pair_27917_fast.js,21,40,10,11
pair_27917_slow.js,14,26,7,6
pair_28031_fast.js,14,26,7,6
pair_28031_slow.js,18,34,6,5
pair_28035_fast.js,13,24,6,6
pair_28035_slow.js,17,32,8,9
pair_28040_fast.js,16,30,7,6
pair_28040_slow.js,22,42,10,12
pair_2805_fast.js,15,28,7,6
pair_2805_slow.js,20,38,10,10
pair_28077_fast.js,29,56,14,22
pair_28077_slow.js,20,38,10,14
pair_28113_fast.js,9,16,4,3
pair_28113_slow.js,9,16,4,4
pair_28165_fast.js,17,32,8,8
pair_28165_slow.js,19,36,9,13
pair_28246_fast.js,22,42,11,13
pair_28246_slow.js,25,48,11,13
pair_28271_fast.js,11,20,5,4
pair_28271_slow.js,11,20,5,4
pair_28292_fast.js,11,20,5,4
pair_28292_slow.js,13,24,6,7
pair_28327_fast.js,35,68,17,24
pair_28327_slow.js,35,68,17,24
pair_28363_fast.js,13,24,6,5
pair_28363_slow.js,13,24,6,5
pair_28385_fast.js,19,36,9,9
pair_28385_slow.js,17,32,8,10
pair_28389_fast.js,22,42,11,11
pair_28389_slow.js,22,42,11,12
pair_28399_fast.js,18,34,9,15
pair_28399_slow.js,13,24,6,8
pair_28410_fast.js,25,48,12,15
pair_28410_slow.js,20,38,10,11
pair_28441_fast.js,4,6,4,4
pair_28441_slow.js,4,6,4,4
pair_28492_fast.js,6,10,5,6
pair_28492_slow.js,8,14,2,1
pair_28549_fast.js,15,28,7,8
pair_28549_slow.js,20,38,9,8
pair_28561_fast.js,6,10,5,6
pair_28561_slow.js,17,32,8,13
pair_28627_fast.js,16,30,8,8
pair_28627_slow.js,24,46,11,13
pair_28661_fast.js,9,16,4,4
pair_28661_slow.js,9,16,4,4
pair_28688_fast.js,17,32,8,9
pair_28688_slow.js,17,32,7,6
pair_28767_fast.js,14,26,7,7
pair_28767_slow.js,17,32,8,9
pair_28808_fast.js,15,28,7,9
pair_28808_slow.js,21,40,10,12
pair_28809_fast.js,20,38,9,8
pair_28809_slow.js,21,40,9,8
pair_28812_fast.js,15,28,4,4
pair_28812_slow.js,19,36,4,4
pair_28856_fast.js,21,40,7,6
pair_28856_slow.js,21,40,7,6
pair_28872_fast.js,15,28,7,6
pair_28872_slow.js,21,40,9,9
pair_28897_fast.js,17,32,8,7
pair_28897_slow.js,14,26,7,8
pair_29045_fast.js,18,34,9,9
pair_29045_slow.js,18,34,6,6
pair_29054_fast.js,16,30,8,10
pair_29054_slow.js,16,30,8,10
pair_29201_fast.js,15,28,7,8
pair_29201_slow.js,18,34,9,10
pair_29321_fast.js,18,34,8,10
pair_29321_slow.js,17,32,8,7
pair_29341_fast.js,17,32,7,6
pair_29341_slow.js,17,32,7,6
pair_29364_fast.js,20,38,10,12
pair_29364_slow.js,17,32,8,8
pair_2944_fast.js,18,34,9,11
pair_2944_slow.js,20,38,9,11
pair_29503_fast.js,16,30,8,9
pair_29503_slow.js,11,20,5,5
pair_29543_fast.js,19,36,9,9
pair_29543_slow.js,19,36,9,9
pair_29567_fast.js,21,40,10,14
pair_29567_slow.js,20,38,9,8
pair_29682_fast.js,17,32,8,7
pair_29682_slow.js,17,32,8,7
pair_2973_fast.js,12,22,6,5
pair_2973_slow.js,11,20,5,5
pair_29751_fast.js,27,52,13,16
pair_29751_slow.js,20,38,10,12
pair_29771_fast.js,18,34,9,12
pair_29771_slow.js,18,34,9,12
pair_29778_fast.js,18,34,9,12
pair_29778_slow.js,18,34,9,12
pair_29779_fast.js,20,38,7,6
pair_29779_slow.js,20,38,8,7
pair_29803_fast.js,15,28,7,8
pair_29803_slow.js,15,28,7,8
pair_3055_fast.js,17,32,8,9
pair_3055_slow.js,17,32,8,9
pair_306_fast.js,20,38,10,16
pair_306_slow.js,14,26,7,10
pair_311_fast.js,22,42,11,15
pair_311_slow.js,20,38,10,13
pair_3144_fast.js,15,28,7,6
pair_3144_slow.js,13,24,6,7
pair_319_fast.js,12,22,6,6
pair_319_slow.js,12,22,6,5
pair_3371_fast.js,12,22,6,8
pair_3371_slow.js,15,28,7,6
pair_3379_fast.js,12,22,6,7
pair_3379_slow.js,11,20,5,6
pair_3380_fast.js,18,34,9,9
pair_3380_slow.js,18,34,9,8
pair_345_fast.js,19,36,9,10
pair_345_slow.js,21,40,10,12
pair_3494_fast.js,7,12,3,2
pair_3494_slow.js,8,14,4,4
pair_3567_fast.js,14,26,7,9
pair_3567_slow.js,16,30,8,10
pair_3618_fast.js,16,30,8,7
pair_3618_slow.js,19,36,9,9
pair_3766_fast.js,28,54,14,18
pair_3766_slow.js,22,42,10,13
pair_3783_fast.js,19,36,8,8
pair_3783_slow.js,16,30,7,7
pair_3820_fast.js,22,42,9,10
pair_3820_slow.js,20,38,9,10
pair_3821_fast.js,23,44,11,14
pair_3821_slow.js,23,44,11,14
pair_3942_fast.js,8,14,4,3
pair_3942_slow.js,8,14,4,4
pair_4069_fast.js,18,34,9,11
pair_4069_slow.js,25,48,12,16
pair_4080_fast.js,18,34,9,10
pair_4080_slow.js,18,34,8,7
pair_4088_fast.js,14,26,7,7
pair_4088_slow.js,10,18,5,6
pair_40_fast.js,18,34,9,11
pair_40_slow.js,17,32,8,10
pair_4101_fast.js,23,44,10,12
pair_4101_slow.js,23,44,10,12
pair_4179_fast.js,8,14,4,3
pair_4179_slow.js,17,32,8,9
pair_4193_fast.js,17,32,8,10
pair_4193_slow.js,17,32,6,6
pair_4200_fast.js,34,66,17,24
pair_4200_slow.js,25,48,12,17
pair_4202_fast.js,14,26,7,7
pair_4202_slow.js,14,26,7,8
pair_4207_fast.js,14,26,7,8
pair_4207_slow.js,16,30,8,8
pair_4236_fast.js,20,38,10,12
pair_4236_slow.js,20,38,10,12
pair_4252_fast.js,17,32,5,4
pair_4252_slow.js,17,32,6,5
pair_4288_fast.js,25,48,12,14
pair_4288_slow.js,24,46,12,14
pair_4455_fast.js,22,42,4,3
pair_4455_slow.js,22,42,9,8
pair_4481_fast.js,18,34,9,11
pair_4481_slow.js,24,46,12,15
pair_4553_fast.js,18,34,9,10
pair_4553_slow.js,22,42,10,14
pair_4571_fast.js,14,26,7,9
pair_4571_slow.js,16,30,8,8
pair_4610_fast.js,17,32,8,10
pair_4610_slow.js,30,58,13,17
pair_4626_fast.js,14,26,7,7
pair_4626_slow.js,14,26,7,7
pair_4641_fast.js,28,54,14,19
pair_4641_slow.js,19,36,9,11
pair_473_fast.js,18,34,9,8
pair_473_slow.js,22,42,10,10
pair_4788_fast.js,21,40,7,10
pair_4788_slow.js,20,38,4,3
pair_4832_fast.js,17,32,8,8
pair_4832_slow.js,19,36,9,9
pair_48_fast.js,21,40,10,13
pair_48_slow.js,16,30,8,10
pair_4908_fast.js,19,36,9,10
pair_4908_slow.js,26,50,13,17
pair_4934_fast.js,17,32,8,11
pair_4934_slow.js,17,32,8,11
pair_5058_fast.js,13,24,6,7
pair_5058_slow.js,18,34,9,11
pair_5111_fast.js,21,40,10,11
pair_5111_slow.js,21,40,10,10
pair_5125_fast.js,9,16,4,3
pair_5125_slow.js,8,14,4,3
pair_5130_fast.js,22,42,11,12
pair_5130_slow.js,15,28,7,7
pair_5134_fast.js,27,52,13,17
pair_5134_slow.js,27,52,13,18
pair_5170_fast.js,17,32,8,10
pair_5170_slow.js,20,38,10,12
pair_517_fast.js,22,42,8,7
pair_517_slow.js,23,44,10,11
pair_5249_fast.js,21,40,10,12
pair_5249_slow.js,21,40,10,12
pair_5298_fast.js,14,26,7,7
pair_5298_slow.js,14,26,7,7
pair_5349_fast.js,16,30,8,9
pair_5349_slow.js,16,30,8,9
pair_5367_fast.js,20,38,10,13
pair_5367_slow.js,19,36,8,7
pair_5438_fast.js,18,34,9,12
pair_5438_slow.js,17,32,8,8
pair_5532_fast.js,18,34,9,11
pair_5532_slow.js,17,32,8,8
pair_5558_fast.js,10,18,5,5
pair_5558_slow.js,14,26,7,7
pair_5603_fast.js,16,30,8,8
pair_5603_slow.js,12,22,6,5
pair_5691_fast.js,17,32,8,10
pair_5691_slow.js,13,24,6,6
pair_5791_fast.js,14,26,7,9
pair_5791_slow.js,14,26,7,9
pair_5799_fast.js,17,32,6,5
pair_5799_slow.js,18,34,6,5
pair_5809_fast.js,20,38,6,5
pair_5809_slow.js,23,44,8,7
pair_5841_fast.js,16,30,8,7
pair_5841_slow.js,19,36,9,8
pair_5927_fast.js,30,58,10,12
pair_5927_slow.js,31,60,10,12
pair_598_fast.js,20,38,10,14
pair_598_slow.js,23,44,11,15
pair_5992_fast.js,17,32,8,7
pair_5992_slow.js,12,22,6,6
pair_6063_fast.js,16,30,8,7
pair_6063_slow.js,23,44,6,5
pair_6183_fast.js,20,38,10,11
pair_6183_slow.js,13,24,6,6
pair_623_fast.js,16,30,8,8
pair_623_slow.js,16,30,8,9
pair_6247_fast.js,27,52,13,16
pair_6247_slow.js,26,50,13,18
pair_6286_fast.js,26,50,13,19
pair_6286_slow.js,25,48,12,15
pair_630_fast.js,16,30,8,10
pair_630_slow.js,15,28,7,8
pair_6415_fast.js,9,16,4,3
pair_6415_slow.js,8,14,4,3
pair_6447_fast.js,17,32,8,8
pair_6447_slow.js,18,34,9,11
pair_6601_fast.js,14,26,7,8
pair_6601_slow.js,14,26,7,8
pair_6617_fast.js,25,48,6,5
pair_6617_slow.js,25,48,6,5
pair_6631_fast.js,18,34,9,9
pair_6631_slow.js,19,36,9,10
pair_664_fast.js,16,30,7,7
pair_664_slow.js,19,36,9,9
pair_6712_fast.js,8,14,4,3
pair_6712_slow.js,9,16,4,3
pair_6728_fast.js,17,32,8,7
pair_6728_slow.js,22,42,9,9
pair_6751_fast.js,14,26,6,5
pair_6751_slow.js,14,26,7,6
pair_6775_fast.js,12,22,6,7
pair_6775_slow.js,10,18,5,5
pair_6795_fast.js,25,48,6,5
pair_6795_slow.js,24,46,9,8
pair_6832_fast.js,14,26,7,6
pair_6832_slow.js,14,26,7,6
pair_6843_fast.js,12,22,6,8
pair_6843_slow.js,12,22,6,8
pair_6844_fast.js,8,14,4,3
pair_6844_slow.js,8,14,4,3
pair_6847_fast.js,17,32,8,10
pair_6847_slow.js,17,32,8,10
pair_6868_fast.js,17,32,8,10
pair_6868_slow.js,14,26,7,7
pair_6894_fast.js,12,22,6,8
pair_6894_slow.js,12,22,6,6
pair_6896_fast.js,27,52,9,10
pair_6896_slow.js,19,36,9,9
pair_6920_fast.js,7,12,2,1
pair_6920_slow.js,10,18,5,5
pair_6932_fast.js,12,22,6,5
pair_6932_slow.js,20,38,10,16
pair_6951_fast.js,11,20,5,5
pair_6951_slow.js,10,18,5,4
pair_6985_fast.js,21,40,3,2
pair_6985_slow.js,12,22,6,6
pair_7188_fast.js,13,24,6,5
pair_7188_slow.js,13,24,6,5
pair_71_fast.js,20,38,9,10
pair_71_slow.js,21,40,9,8
pair_7207_fast.js,13,24,6,8
pair_7207_slow.js,13,24,5,4
pair_7321_fast.js,15,29,7,6
pair_7321_slow.js,10,18,5,4
pair_7379_fast.js,24,46,12,16
pair_7379_slow.js,17,32,7,6
pair_7392_fast.js,12,22,6,5
pair_7392_slow.js,15,28,6,7
pair_7410_fast.js,16,30,7,7
pair_7410_slow.js,10,18,5,4
pair_7433_fast.js,16,30,7,8
pair_7433_slow.js,16,30,7,8
pair_7469_fast.js,13,24,6,8
pair_7469_slow.js,13,24,6,8
pair_7500_fast.js,22,42,11,15
pair_7500_slow.js,23,44,11,14
pair_7504_fast.js,19,36,7,8
pair_7504_slow.js,21,40,8,10
pair_7535_fast.js,18,34,9,9
pair_7535_slow.js,20,38,10,11
pair_7538_fast.js,16,30,8,10
pair_7538_slow.js,16,30,8,10
pair_7572_fast.js,16,30,7,6
pair_7572_slow.js,13,24,6,5
pair_7914_fast.js,9,16,4,4
pair_7914_slow.js,13,24,5,4
pair_7924_fast.js,25,48,12,13
pair_7924_slow.js,19,36,9,8
pair_7945_fast.js,24,46,12,16
pair_7945_slow.js,17,32,7,6
pair_7971_fast.js,14,26,7,8
pair_7971_slow.js,15,28,7,8
pair_7991_fast.js,13,24,6,5
pair_7991_slow.js,15,28,7,6
pair_8001_fast.js,13,24,6,5
pair_8001_slow.js,13,24,6,5
pair_8121_fast.js,12,22,6,6
pair_8121_slow.js,11,20,5,4
pair_8139_fast.js,27,52,13,17
pair_8139_slow.js,27,52,13,18
pair_815_fast.js,13,24,6,6
pair_815_slow.js,14,26,7,7
pair_8221_fast.js,16,30,8,9
pair_8221_slow.js,20,38,6,5
pair_8241_fast.js,11,20,5,5
pair_8241_slow.js,17,32,8,7
pair_8273_fast.js,11,20,5,5
pair_8273_slow.js,15,28,7,9
pair_831_fast.js,16,30,6,7
pair_831_slow.js,14,26,7,7
pair_8326_fast.js,31,60,15,19
pair_8326_slow.js,34,66,17,24
pair_8416_fast.js,12,22,6,6
pair_8416_slow.js,12,22,6,6
pair_8425_fast.js,8,14,4,3
pair_8425_slow.js,10,18,5,4
pair_8433_fast.js,18,34,9,10
pair_8433_slow.js,18,34,9,10
pair_8485_fast.js,18,34,9,10
pair_8485_slow.js,21,40,9,10
pair_849_fast.js,26,50,11,15
pair_849_slow.js,29,56,11,15
pair_8506_fast.js,9,16,4,4
pair_8506_slow.js,9,16,4,3
pair_8523_fast.js,24,46,12,16
pair_8523_slow.js,22,42,11,13
pair_8560_fast.js,15,28,7,6
pair_8560_slow.js,14,26,7,6
pair_859_fast.js,18,34,9,10
pair_859_slow.js,18,34,9,10
pair_8624_fast.js,12,22,6,6
pair_8624_slow.js,11,20,5,4
pair_8647_fast.js,6,10,4,3
pair_8647_slow.js,6,10,4,3
pair_8648_fast.js,25,48,12,17
pair_8648_slow.js,22,42,11,16
pair_8694_fast.js,11,20,5,5
pair_8694_slow.js,9,16,4,3
pair_8744_fast.js,25,48,9,8
pair_8744_slow.js,27,52,9,8
pair_8775_fast.js,18,34,9,8
pair_8775_slow.js,18,34,9,8
pair_8819_fast.js,7,12,3,2
pair_8819_slow.js,9,16,4,3
pair_8872_fast.js,15,28,7,6
pair_8872_slow.js,15,28,7,6
pair_890_fast.js,15,28,7,7
pair_890_slow.js,21,40,9,9
pair_8927_fast.js,10,18,5,4
pair_8927_slow.js,5,8,5,6
pair_8961_fast.js,14,26,7,7
pair_8961_slow.js,14,26,7,7
pair_9037_fast.js,12,22,6,8
pair_9037_slow.js,12,22,5,4
pair_9058_fast.js,19,36,9,11
pair_9058_slow.js,19,36,9,11
pair_9113_fast.js,10,18,5,4
pair_9113_slow.js,13,24,6,6
pair_9231_fast.js,15,28,7,8
pair_9231_slow.js,14,26,7,7
pair_9236_fast.js,9,16,4,3
pair_9236_slow.js,12,22,6,6
pair_9264_fast.js,20,38,6,6
pair_9264_slow.js,15,28,7,8
pair_9286_fast.js,7,12,3,2
pair_9286_slow.js,9,16,4,3
pair_9315_fast.js,10,18,5,5
pair_9315_slow.js,11,20,5,5
pair_936_fast.js,24,46,12,15
pair_936_slow.js,23,44,11,12
pair_9372_fast.js,11,20,5,4
pair_9372_slow.js,11,20,5,4
pair_9476_fast.js,13,24,6,5
pair_9476_slow.js,16,30,8,9
pair_9521_fast.js,11,20,5,5
pair_9521_slow.js,11,20,5,5
pair_9574_fast.js,22,42,11,15
pair_9574_slow.js,22,42,11,13
pair_971_fast.js,15,28,7,8
pair_971_slow.js,19,36,9,10
pair_9773_fast.js,12,22,6,7
pair_9773_slow.js,18,34,9,11
pair_9816_fast.js,14,26,7,9
pair_9816_slow.js,15,28,7,8
pair_9889_fast.js,8,14,4,5
pair_9889_slow.js,6,10,5,6
pair_9901_fast.js,12,22,6,6
pair_9901_slow.js,16,30,8,8
pair_9972_fast.js,5,8,5,6
pair_9972_slow.js,10,18,5,4
